Category,Reason,Level,Description,Shows up as,Action 1,Explanation 1,Action 2,Explanation 2,Action 3,Explanation 3
The Intrusive AI,AI is too Autonomous,Personal Workflow Preferences,"This category involves light but persistent friction when AI disrupts users’ preferred ways of working. People feel overridden or second-guessed by systems that act without request or context. The discomfort is mild—often expressed as a preference for manual control—but reflects an emotional resistance to AI taking over familiar tasks. It’s not about deep fear, but annoyance with automation that inserts itself too readily or confidently into personal workflows, reducing the sense of autonomy.",People disable auto-features and revert to manual steps * Complaints such as 'I didn’t ask it to do that' * Workarounds to avoid prompts or auto-edits * Preference for offline or static tools * Ignoring AI suggestions even when useful,"Hold monthly 'Autonomy Reviews' where teams flag instances where AI acted without request. Managers log patterns and adjust workflows or permissions accordingly, while reinforcing the value of user control.",This procedural approach validates user frustration with intrusive AI. It restores agency by giving teams structured ways to push back on overreach and helps leaders rebalance automation levels with human intent.,Create a 'Too Helpful AI' meme board where employees post funny moments of AI overstepping. Use it in team retros as a light-hearted way to surface friction points and open up space for better norms of human-AI interaction.,"Playfully calling out AI overreach helps normalize annoyance without escalating tension. Humor lowers defenses, making it easier to voice discomfort and build shared awareness of when AI inserts itself too confidently.",Run a biweekly 'Who’s in Charge?' reflection where team members log one moment they overrode AI or ignored its suggestion. Share highlights and reward thoughtful decisions that reinforce appropriate human autonomy.,"By celebrating small acts of human override, this blends self-awareness and accountability. It reframes resistance as wisdom and builds confidence that people can steer AI, not just be steered by it."
The Unadaptive AI,AI is too Inflexible,Personal Workflow Preferences,"This category captures resistance to AI systems that can’t or won’t adapt to individual work habits. The discomfort arises when people perceive AI as one-size-fits-all—forcing sameness, missing personal context, or repeating errors. Even when technically functional, these tools feel misaligned with how users operate, creating irritation. The issue is not performance but personalization: users want tools that learn and evolve, not ones that lock them into rigid flows that overlook nuance or change.",Feedback like 'It never learns my way' * Using custom spreadsheets/templates instead of AI * Repetitive corrections without improvement * Avoiding smart modes; sticking to basics * Frequent requests for per-user customization,"Launch quarterly 'Fit Check Forums' where employees document and discuss cases of AI mismatching their workflow. Managers compile themes and adjust usage guidelines, showing commitment to aligning AI with real practices.","This structured process acknowledges irritation from one-size-fits-all AI. By surfacing mismatches formally, employees feel heard, and leadership demonstrates responsiveness, reinforcing the sense that personalization matters.","Host a 'Mismatch Bingo' game where staff fill bingo cards with common AI annoyances like repeating errors or forcing sameness. Prizes go to creative examples, turning irritation into shared laughter and visible learning points.","Playful exaggeration turns repeated AI misfits into collective amusement. By laughing together, teams reduce frustration and create memorable examples that managers can reference when adjusting workflows or norms.",Introduce a 'One Change Challenge' where each team member shares one workaround they use when AI feels rigid. Collect highlights in a shared playbook and celebrate resourceful tactics that keep human creativity in the loop.,"This reflective activity validates the ingenuity people use when AI misaligns with their habits. It reframes irritation as resourcefulness, helping teams feel empowered to adapt instead of trapped in rigid AI-driven sameness."
The Uncaring AI,AI is Emotionless,Personal Workflow Preferences,"This category reflects subtle discomfort when AI interactions lack human tone or emotional awareness. People feel unseen or dismissed, especially in tasks where memory, tone, or empathy matter. Even in small moments, users notice when AI treats them impersonally—forgetting past input, giving generic responses, or missing cues of emotion. These systems don’t need to “feel,” but their absence of care makes them feel inferior to human alternatives, especially in situations where warmth or acknowledgment is expected.","Complaints that 'the tone is off' in drafts * Preferring colleagues for sensitive tasks * Adding extra notes/emojis to soften outputs * Annoyance when AI forgets past inputs * Short, transactional use of AI with little reliance","Run 'Empathy Clinics' where employees share short cases of feeling dismissed by AI responses. Facilitators guide reflection on how acknowledgment matters, and outputs feed into etiquette norms for using AI responsibly.","This formal process validates subtle emotional discomfort. By giving structured space to surface moments of dismissal, teams highlight the importance of tone and care, reinforcing that human acknowledgment still matters.","Start a 'Flat Reply Hall of Fame' where staff post the most robotic or tone-deaf AI outputs they’ve seen. Add playful captions, turning frustration into humor while making lack of warmth visible in a non-threatening way.","Playfully spotlighting uncaring AI outputs reduces irritation while raising awareness. Humor makes people more willing to share dismissive examples, ensuring they are noticed without creating blame or defensiveness.","Introduce 'Warmth Tokens'—each week, employees award a token to a colleague who rephrased or softened an AI output in a caring way. This builds a culture of microlearning and shows that tone correction is valued behavior.","By rewarding small acts of adding empathy, this approach blends accountability and encouragement. It reframes uncaring outputs as chances for people to model warmth, making care visible and reinforcing emotional attentiveness."
The Confusing AI,AI is too Opaque,Personal Workflow Preferences,"This category highlights frustration when AI systems are hard to understand or explain. People feel alienated by unclear outputs, too much data, or hidden processes. Even if technically accurate, these tools create unease by obscuring their logic or presenting too much without clarity. Users may resist adopting AI that leaves them feeling unsure about what it’s doing, why it acts as it does, or how it draws conclusions—especially when transparency is key to trust.",Questions like 'How did it get that?' * Reluctance to act without clear reasoning * Skipping dashboards seen as unclear * Preference for simple rules over opaque advice * Requests for plain-language explanations,"Hold weekly ‘Decision Story Circles’ where one AI-influenced decision is retold in plain words. Peers ask what was weighed, what was ignored, and whether to act as is, add a human check, or restate the goal before moving.","By converting outputs into shared reasoning, teams replace fog with intent. The ritual normalizes brief pauses, invites questions about risk and context, and restores confidence to act only on results people can clearly defend.","Run a monthly ‘Fog Fix Jam’ where teams rewrite one confusing AI output into a one-minute news brief. Add a funny headline, then vote on the clearest version and capture the winning plain-language template in the playbook.","Playful rewriting lowers defensiveness and makes opacity discussable. Turning perplexing findings into friendly formats builds shared language, reduces avoidance of dashboards, and gives people simple patterns to follow next time.","Adopt ‘Explain-Back Buddies’: partners summarize each other’s AI result in sixty seconds, name one limit, and propose one next step. If either cannot explain it, they pause, seek a human view, or choose a simpler, slower route.","Peer explain-back blends candor and care. It makes uncertainty safe to surface, adds humane stop-rules, and ensures teams advance only when someone can restate the logic, the risk, and the reason the output merits action."
The Aloof AI,People Prefer Human Interaction,Personal Workflow Preferences,"This category reflects mild discomfort when AI lacks the warmth or social texture of human interaction. Even when functional, AI tools can feel cold or emotionally disconnected—failing to replicate the rapport, tone, or care found in human contact. This creates a sense of detachment, especially in tasks where users seek acknowledgment, personality, or shared understanding. It’s not that AI performs poorly, but that it feels distant—evoking avoidance when users want more than just utility.",Asking 'Can I just talk to a person?' * Choosing human help channels over AI * Very short AI interactions * Walking over to a colleague instead * Avoiding AI when rapport matters,Set up a 'Human Interaction Roundtable' every two months where employees share when AI felt too cold. Facilitators turn insights into team guidelines that ensure balance between efficiency and authentic social connection.,"This process directly addresses discomfort with AI’s lack of warmth. By collecting experiences and shaping shared norms, it reassures people that human acknowledgment remains valued in daily workflows.","Launch a 'Most Human Moment' contest where staff nominate the funniest or warmest AI response they’ve seen. Teams vote for winners, adding humor while highlighting when AI interactions surprisingly hit the right emotional note.","Turning AI’s rare humanlike outputs into a playful contest makes distance easier to discuss. It normalizes sharing, sparks laughter, and spotlights the qualities that people actually want more of in their interactions.",Introduce a 'One Real Connection a Day' challenge where each employee shares a brief story of replacing an AI interaction with a human one. Weekly reflections celebrate creative ways people restore warmth and social texture.,"This reflective activity reframes avoidance as positive choice. It encourages small daily habits of human connection, reminding teams that warmth and rapport are essential alongside AI’s utility."
The Redefining AI,AI is too Autonomous,Collaboration & Role Adjustments,"This category reflects tension when AI changes how tasks and authority are distributed within teams. People feel roles are redefined without consent—either offloaded to AI or reorganized in ways that erode clarity and trust. It introduces subtle power shifts, with some team members aligning closely with AI tools while others resist, creating division. The discomfort arises not from the AI’s capability, but from its silent reshaping of how people work together, make decisions, and define their contributions.",Asking 'Who owns this decision now?' * Informal reassignments to regain control * Using shadow spreadsheets to check outputs * Tension between AI adopters and holdouts * Governance debates about accountability,"Form a 'Delegation Review Group' with rotating team reps who examine how AI shifts authority. They meet quarterly to log examples, clarify decision boundaries, and recommend adjustments that keep collaboration fair and transparent.","By creating a standing forum for reviewing delegation, teams gain a voice in how AI changes authority. This reduces silent role shifts, restores clarity, and helps rebuild trust across colleagues who feel differently about AI.",Host a 'Power Shift Comedy Hour' where employees stage short sketches exaggerating AI taking over team roles. The playful performances spark laughter while revealing hidden tensions around delegation and authority redistribution.,"Comedy creates a safe way to voice unease about power changes. By exaggerating scenarios, employees surface real concerns without confrontation, turning division into a shared experience that invites open discussion.","Run a 'Decision Path Mapping' exercise where teams diagram a recent group decision, marking which steps were AI-driven, human-led, or shared. Teams reflect on whether authority felt balanced and how adjustments could improve trust.","Mapping decisions turns vague discomfort into visible patterns. It makes delegation tangible, validates concerns about imbalance, and encourages teams to actively rebalance authority between AI and human judgment."
The Forcing AI,AI is too Inflexible,Collaboration & Role Adjustments,"This category involves frustration when AI enforces rigid standards or group behaviors that reduce flexibility and individual input. People feel pressured to conform to structures that may not fit their context or priorities. The discomfort builds as AI normalizes uniformity—making team processes less dynamic, stifling creative collaboration, or exaggerating patterns that don’t serve everyone. Resistance grows when AI locks groups into narrow ways of working that can’t evolve with changing needs or insights.",Complaints like 'We have to do it the tool’s way' * Escalations for exceptions AI won’t handle * Creative work reduced to fit AI templates * Workarounds to preserve flexibility * Frustration with rigid project rules,Create a 'Flexibility Charter' led by a cross-team committee that reviews where AI processes enforce too much conformity. They publish quarterly notes that outline when teams can adjust practices and preserve creative space.,"A charter process restores flexibility by giving teams a structured way to push back on rigid patterns. It reassures people that individuality is recognized, while ensuring collaboration doesn’t get locked into uniform behaviors.","Hold a 'Rigid Rules Roast' where teams jokingly exaggerate the most inflexible AI-driven rules. The session mixes humor with critique, encouraging teams to laugh while still surfacing examples that need reevaluation.","Roasting rigid patterns lowers tension and makes critique easier to share. By mixing humor with insight, employees highlight where conformity feels excessive without making the conversation hostile or defensive.",Run a 'Flex vs. Fix Reflection' exercise where each team identifies one process where AI rigidity helped and one where it stifled input. Groups compare patterns and agree on adjustments that balance structure with creativity.,"This reflective approach balances accountability with encouragement. It validates when rules help, but also surfaces frustration. Teams practice weighing trade-offs, making collaboration more adaptive and less stifled."
The Distant AI,AI is Emotionless,Collaboration & Role Adjustments,"This category reflects unease when AI doesn’t “show up” emotionally in team dynamics. People find it hard to trust or engage with AI that feels impassive, especially in roles that require care, empathy, or understanding. The discomfort emerges in tasks where subtle cues matter—where human collaborators bring tone, intent, or shared meaning. AI’s coldness can feel like betrayal in sensitive moments, undermining its presence as a collaborator or tool in socially complex situations.",Remarks like 'It doesn’t get the client/context' * Pulling AI out of sensitive meetings * Human rewrites for tone and nuance * Over-explaining briefs to avoid misfires * Avoiding AI for conflict or escalations,Set up a 'Collaboration Care Board' with representatives from multiple teams to collect stories where AI felt emotionally absent. The board meets quarterly to create guidelines that preserve empathy and trust in group dynamics.,"The board provides a recurring way to surface how AI’s detachment affects collaboration. By converting stories into practical norms, it reassures people that empathy will not be lost in collective work.","Run a 'Stone-Faced AI Awards' where employees submit the most wooden or detached AI responses in a team setting. Categories like 'Most Robotic Reply' add humor, while highlighting moments when coldness undermines collaboration.","Humor reduces tension while spotlighting emotionally flat outputs. By laughing at examples, teams feel safer sharing frustrations and gain clarity about the value of warmth in socially complex collaboration.",Launch a 'Care Contrast Challenge' where team members describe one project outcome shaped by human empathy versus one undermined by AI’s detachment. Sharing comparisons builds awareness of empathy’s role in team success.,This reflective challenge validates unease with impassive AI by contrasting it with lived human examples. It fosters accountability to protect warmth in teamwork and strengthens collective confidence in human care.
The Obscuring AI,AI is too Opaque,Collaboration & Role Adjustments,"This category captures mistrust when AI clouds team understanding or reshapes how contributions are recognized. People worry that important details are hidden, misinterpreted, or reduced by the AI’s logic. It creates discomfort when group efforts are devalued or misunderstood, especially if AI filters become the gatekeepers of credit, context, or evaluation. Resistance grows when team members feel disempowered or unable to see or challenge how AI influences shared outcomes.",Using 'the system decided' without reasoning * Disputes over recognition or credit * Requests for audit trails * Suspicion of lost nuance * Calls for opt-outs in critical work,"Create a 'Transparency Forum' where team representatives meet quarterly to review how AI shaped recognition, credit, or evaluation. Notes are shared openly, giving employees a channel to question and refine decision practices.","A recurring forum ensures people can voice concerns about hidden credit or misrepresentation. By documenting and sharing outcomes, it reduces mistrust, restores visibility, and reinforces fairness in collaborative recognition.","Run a 'Guess Who Contributed?' game where anonymized team outputs are shown, and people try to guess who did what before AI filtered it. Laughter follows when AI blurred context, sparking awareness of hidden contributions.","Turning concealed contributions into a playful guessing game makes the issue safe to discuss. Humor lightens frustration, while showing how AI reshapes recognition and why visibility matters to collaboration.",Launch a 'Credit Mapping Challenge' where teams trace how contributions moved from individual efforts to AI-filtered outcomes. Groups reflect on whether recognition was accurate and propose adjustments to preserve fairness.,"This reflective challenge highlights how credit shifts when AI filters inputs. It builds accountability to track recognition, validates concerns of being overlooked, and encourages teams to reassert fair acknowledgment."
The Separating AI,People Prefer Human Interaction,Collaboration & Role Adjustments,"This category involves discomfort when AI mediates or replaces human connection in teams. People notice growing gaps—fewer casual interactions, less spontaneous collaboration, or reliance on structured digital systems. The AI may work, but the social glue weakens. Over time, the absence of direct contact erodes trust and belonging. Resistance emerges as people seek to preserve emotional connection and informal communication, which are hard to replicate in AI-shaped environments.",Fewer spontaneous chats among colleagues * Comments like 'We don’t talk anymore' * Extra team-building efforts * Less video engagement during AI mediation * Dependence on structured handoffs,Establish a 'Connection Committee' that reviews how team interactions are being mediated by AI. They gather quarterly feedback on isolation risks and publish guidance for balancing digital efficiency with human presence.,"A committee ensures teams have a channel to surface concerns about distance created by AI. By shaping norms around balance, it reassures people that social connection remains a valued part of collaboration.","Host a 'Most Awkward Silence' contest where teams share funny moments when AI disrupted or replaced natural conversation. The stories are celebrated with light humor, opening dialogue about the importance of human flow.","Humor helps teams voice discomfort without blame. By spotlighting awkward silences, the contest reveals how AI interrupts natural flow. It reduces defensiveness and reinforces the importance of spontaneous exchanges for team trust and cohesion.","Run a 'Reconnect Challenge' where each team member commits to replacing one AI-mediated interaction with a direct human one per week. Stories are shared, highlighting small wins that rebuild natural collaboration.","This reflective challenge reframes separation as an opportunity for intentional reconnection. It validates concerns, builds accountability, and celebrates creativity in restoring warmth and trust in team dynamics."
The Unjust AI,AI is too Autonomous,Professional Trust & Fairness Issues,"This category represents serious discomfort with fairness and justice in AI decisions. People worry about bias, lack of accountability, or decisions made without oversight. The fear isn’t just being replaced, but being unfairly treated or evaluated by systems they cannot question. There’s a strong sense of moral tension—especially when AI influences high-stakes outcomes like promotions, reviews, or access to resources. Resistance here is principled, not just practical.",Escalations about bias in decisions * Refusal to accept AI-driven scores * Creating appeal or override processes * Demanding data access for fairness checks * Pausing adoption until fairness confirmed,"Establish a 'Fairness Oversight Panel' with employee-elected members who review cases where AI decisions impact promotions, reviews, or access. Findings are shared quarterly, ensuring accountability and open discussion of bias risks.","An oversight panel gives employees a trusted process to question AI-driven outcomes. It reduces fear of hidden bias, reinforces transparency, and creates confidence that fairness is monitored across critical decisions.","Host a 'Bias Bloopers Night' where staff share humorous or exaggerated examples of AI producing unfair or lopsided judgments. The event blends humor with critique, sparking dialogue on why oversight matters in high-stakes use cases.","Humor lowers defensiveness when addressing fairness issues. By laughing at flawed outputs, teams acknowledge the risks of bias together, opening the door for deeper discussions on justice and oversight.","Introduce a 'Justice Reflection Journal' where employees note weekly moments they questioned fairness in decisions, whether human- or AI-led. Selected stories are shared in team meetings, encouraging awareness and accountability.","Reflection journals make fairness a shared responsibility. By capturing moments of discomfort, teams validate principled concerns and strengthen their collective vigilance around bias and justice in workplace decisions."
The Constricting AI,AI is too Inflexible,Professional Trust & Fairness Issues,"This category reflects resistance when AI restricts professional identity or options. People feel boxed into roles or judged by fixed models that don’t capture their uniqueness. The discomfort comes from systems that limit how people grow, challenge norms, or express diverse approaches. It also reflects concern that AI favors certain types of people or behaviors—unintentionally reinforcing bias or inequality under the guise of standardization or optimization.",Complaints like 'This rubric doesn’t fit my work' * Edge cases rejected repeatedly * Portfolios not mapping to fixed fields * Perceptions of favoritism or exclusion * Seeking alternative venues to showcase work,"Run monthly ‘Exception Clinics’ where people bring work the rubric can’t capture. Together they name what the template misses, agree fair exceptions, and record human guidelines leaders can apply when rigid flows squeeze unique work.","This forum validates identity and fairness concerns directly. By making nuance visible, people see they can challenge one-size-fits-all rules, surface bias, and trust that judgment won’t be flattened by uniform standards.","Host ‘Role Narrative Showcases’—short, lively demos of work that defies the template. Present context, constraints, and values; then invite applause and feedback on how success should be recognized beyond the standard fields.","Celebrating narrative widens the sense of merit. It reveals hidden privilege in narrow categories, honors diverse ways of creating value, and prevents distinctive contributions from being boxed into misfitting profiles.","Schedule rotating ‘Autonomy Windows’ when teams may diverge from the prescribed flow, then debrief what improved and what broke. Share insights in plain language leaders can weigh when deciding where flexibility is truly needed.","Short trials balance consistency with respect for difference. They generate fair evidence about rigidity’s harms, avoid special treatment for a few, and convert lived experience into guidance leaders can adopt without chaos."
The Callous AI,AI is Emotionless,Professional Trust & Fairness Issues,"This category involves deeper resistance to AI perceived as indifferent to ethical outcomes or human impact. People feel emotionally and morally alienated when AI makes decisions that harm others, overlook consequences, or optimize in cold, utilitarian ways. The discomfort intensifies when AI seems to sidestep social responsibility or enables outcomes that humans would avoid. This form of resistance speaks to values—challenging the legitimacy of AI in domains requiring compassion or ethical judgment.",Comments like 'This outcome harms people' * Extra ethics reviews for AI use * Refusing AI for human-impact decisions * Demanding human sign-off for sensitive tasks * Reframing goals to include human impact,Form an 'Ethics and Impact Council' with cross-disciplinary members tasked to review AI use in sensitive decisions. They publish impact assessments and lead quarterly sessions on compassion and responsibility in professional contexts.,"A council dedicated to ethics reassures employees that social responsibility is central to AI use. Public assessments and sessions emphasize compassion, addressing moral discomfort about AI acting without regard for fairness or harm.","Run a 'Heartless Awards' parody event where teams highlight absurd or ruthless AI choices they’ve seen. By humorously critiquing outcomes, employees engage with ethical blind spots and reinforce why empathy must guide responsible decisions.","Using parody allows staff to process discomfort collectively. By spotlighting ruthless outputs with humor, they reduce tension while reinforcing a shared expectation that empathy and human values cannot be ignored in AI decision-making.","Launch a 'Compassion Journaling Sprint' where staff note weekly reflections on how AI decisions impacted fairness or human dignity. Selected entries are shared in forums, sparking dialogue and commitments to balance efficiency with empathy.","Journaling builds reflection and accountability. By recording and sharing lived experiences of imbalance, employees validate ethical concerns and collectively commit to embedding compassion alongside productivity in professional practices."
The Hidden AI,AI is too Opaque,Professional Trust & Fairness Issues,"This category captures anxiety over decisions made by invisible or unchallengeable systems. People feel excluded from knowing how outcomes are reached or from influencing them. It reflects a sense of vulnerability—especially when stakes are high, and AI processes are shielded by complexity, jargon, or design. Trust erodes when people suspect that vital judgments are being made in ways that cannot be explained or audited.",Questions like 'Who configured this and why?' * Compliance demanding model documentation * Disputes about access for checks * Freezing use until clarity improves * Pressure to simplify technical language,"Create a 'Reason Dossier Requirement' for high-stakes decisions: decision owners compile a plain-language rationale, human accountability sign-off, and an affected-party Q&A window. A monthly review circle samples dossiers and flags opaque cases.","Dossiers confront covertness by making reasoning traceable and accountable. Sampling reviews and sign-offs reassure people that opaque judgments can be questioned, reducing vulnerability when outcomes affect careers, resources, or recognition.","Host a 'Mystery Box Showdown' where teams bring one baffling AI-influenced decision and race to decode it in plain words. Points for clarity, fairness framing, and naming what’s still hidden. Fun prizes, then short debriefs capture lessons.","Playful decoding builds shared skill in translating jargon and exposing vagueness. Humor lowers defensiveness so teams can name concealment without blame, turning confusion into practical cues for fairer, clearer communication across groups.","Run a 'Right to Ask Challenge': for two weeks, employees log one respectful question they asked about an AI-affected decision and the response it prompted. Share highlights and recognize questions that improved visibility and balanced power.","Inviting respectful questions normalizes scrutiny of high-stakes decisions. Logging asks and responses turns vague unease into visible improvements, strengthening trust that employees can influence outcomes rather than endure unchallengeable verdicts."
The Usurping AI,People Prefer Human Interaction,Professional Trust & Fairness Issues,"This category describes discomfort when AI replaces roles that carry meaning, identity, or authority. People resist systems that offload judgment, reduce their influence, or substitute their expertise. Even if the outcomes are efficient, the emotional loss is significant. It’s about being removed from processes that once defined one’s value or control. The result is often quiet withdrawal or open pushback against being replaced by faceless logic.",Complaints like 'My judgment no longer matters' * Withdrawing from AI-automated steps * Frustration at losing signature tasks * Concerns about identity loss * Pushback to restore human involvement,"Adopt an 'Expertise Stewardship Accord' that lists decisions reserved for human judgment, with quarterly briefings to review substitutions and confirm boundaries. Keep a ledger tracking where human sign-off remains required.","Reserving key judgments counters fears of being replaced. Briefings turn policy into practice, letting experts challenge offloading and reassert identity and authority. The ledger signals accountability when stakes and meaning are high.","Stage a 'Keep the Human' debate night: teams argue playful cases where AI would substitute expertise, using timed rounds and audience votes. Winners share a one-page takeaway on when presence matters, turning tension into memorable learning.","Debate adds humor without trivializing loss of identity; arguing both sides reveals trade-offs and surfaces where substitution crosses lines. Shared takeaways convert energy into guidance, making boundaries communal rather than imposed.","Run a 'Signature Contribution Canvas' session where each person maps one decision they will remain accountable for, why it needs human presence, and a mentoring step to grow that craft. Pair up for monthly check-ins and share progress highlights.","This blends reflection, encouragement, and accountability. Naming a signature decision honors expertise; mentoring spreads craft; check-ins sustain momentum. People feel influence restored rather than extracted by faceless automation."
The Threatening AI,AI is too Autonomous,Career Security & Job Redefinition Anxiety,"This category captures acute fear about personal job loss or radical role change. People worry that AI won’t just assist them—it will replace them. The discomfort is tied to livelihood and identity, especially when roles feel directly targeted by automation. Resistance here is emotional and defensive, rooted in anxiety about future relevance, skills becoming obsolete, or being phased out entirely. It’s not a dislike of the technology, but a profound fear of what it means for one’s career trajectory and security.",Rumors linking AI pilots to layoffs * Low training uptake due to replacement fear * Reluctance to document tacit knowledge * Updating CVs and job hunting * Union or staff council interventions,"Adopt a 'Job Security Compact': leaders publish a quarterly automation plan, map roles likely to shift, and convene an Employment Triad—employee rep, HR, manager—to review cases. The compact guarantees paid reskilling time before any displacement.",This compact restores agency when autonomy feels threatening. Publishing outlooks reduces rumors; the Triad brings accountability to displacement decisions; guaranteed reskilling time signals commitment to people before automation proceeds.,"Run a 'Replace Me? Prove It!' game show where teams debate a mock automation proposal. Points for naming human stakes, redesigning the workflow, and outlining safeguards. Humor keeps fear manageable while teaching how to defend roles with value.","Debating a staged proposal channels fear into learning. By arguing human stakes and workable safeguards, teams practice naming what should not be offloaded and how to redesign work, building confidence without trivializing job risk.",Launch a 'Resilience Sprint' in which each person drafts a 12-month hedge: one core strength to amplify and one adjacent skill to build. Buddy check-ins and brief showcases turn anxiety into momentum and make career bets visible and supported.,"Structured reflection plus peer support counters paralysis. Naming a strength and an adjacent bet creates a path forward, while check-ins and showcases sustain progress. People see tangible steps to stay relevant rather than awaiting replacement."
The Stagnating AI,AI is too Inflexible,Career Security & Job Redefinition Anxiety,"This category reflects fear that AI will freeze professional growth or trap people in dead-end roles. Instead of evolving with people, the AI limits change, repeating patterns or prioritizing short-term gains. Employees feel their skills are at risk of decay or irrelevance, and that opportunities to grow, shift roles, or build new capacities are shrinking. Resistance stems from the belief that AI is keeping them stagnant rather than supporting their development.",Stay interviews citing 'no room to grow' * Blocked role rotations * Skills-atrophy concerns * Shadow projects outside AI scope * Requests for human-led learning programs,"Launch a 'Growth Assurance Board' where employees can bring cases of stalled roles caused by AI rigidity. The board reviews quarterly, ensuring career pathways remain dynamic and recommending training or redesign when stagnation emerges.","A board dedicated to growth provides structure to counter stagnation fears. By reviewing blocked roles and mandating adjustments, it reassures employees that evolving opportunities remain a priority, even alongside inflexible AI systems.","Host a 'Dead-End Escape Room' game where teams solve puzzles themed around breaking free of AI-imposed limits. Debriefs connect the humor back to real fears, helping participants name where rigid systems risk stalling growth.","Playful problem-solving reframes stagnation as a shared challenge. By laughing at exaggerated scenarios, teams open up about anxieties and practice thinking creatively about ways to preserve career development opportunities.","Introduce a 'Future Moves Challenge' where staff identify one stagnant task and design a growth alternative—new skill, rotation, or mentorship. Sharing proposals monthly builds accountability and encourages forwa",This challenge blends reflection and accountability. It validates fears of atrophy while fostering proactive steps. Employees regain agency by naming alternatives and see collective commitment to evolving career opportunities.
The Devaluing AI,AI is Emotionless,Career Security & Job Redefinition Anxiety,"This category centers on the emotional harm of being overlooked or dehumanized by AI systems. People feel their contributions are undervalued—reduced to data points or judged without context. The discomfort is personal: not only are tasks being automated, but recognition, creativity, and judgment are being stripped away. Resistance arises when AI seems to treat workers as replaceable or their emotional input as irrelevant, especially in roles where acknowledgment or meaning matters.",Comments like 'No one sees my effort anymore' * Disengagement with recognition systems * Cynicism in employee surveys * Avoiding tasks where AI overshadows contributions * Burnout linked to automation narratives,"Form a 'Recognition Review Circle' where employees nominate overlooked contributions for quarterly review. The circle documents examples, recommends acknowledgment practices, and ensures recognition is restored beyond AI’s evaluations.","A review circle reassures staff that human contributions won’t vanish in data. By restoring recognition and documenting value, it counters feelings of worthlessness and reaffirms that creativity and context matter to career identity.","Hold a 'Most Undervalued Talent Show' where staff showcase quirky or hidden skills that AI would miss. Colleagues cheer, vote, and laugh together, celebrating human creativity while surfacing how AI undervalues certain contributions.","A playful showcase re-centers value on human uniqueness. By laughing at overlooked skills and cheering each other on, employees feel recognized in ways AI cannot replicate, countering disappointment and reinforcing worth.","Run a 'Value Journaling Pledge' where employees note one weekly moment of feeling unseen, then rewrite it as a recognition statement. Sharing some examples in groups builds reflection, accountability, and collective appreciation.","Journaling reframes invisibility into acknowledgment. By sharing rewritten recognition moments, staff validate each other, turn hurt into appreciation, and encourage teams to protect meaning where AI may strip human worth."
The Unknowable AI,AI is too Opaque,Career Security & Job Redefinition Anxiety,"This category reflects anxiety when career-impacting AI decisions are hard to understand or trace. People feel watched but not understood, evaluated by metrics they can’t see or influence. It evokes helplessness—when roles are redefined, evaluated, or removed based on hidden logic. The discomfort becomes existential when employees don’t know how to adapt, improve, or even respond. It’s not just opacity—it’s being unable to navigate or control one’s own future.",Comments like 'I don’t know how to improve my rating' * Fear of hidden tracking * Appeals of AI-driven performance decisions * Avoiding internal moves tied to opaque scoring * Demanding transparency on evaluation criteria,"Set up a 'Career Clarity Review' where employees affected by AI evaluations can request a plain-language breakdown of the criteria used. A rotating panel ensures responses are timely, clear, and tied to growth paths rather than hidden metrics.",This review addresses inscrutability by giving employees a way to see and question how they’re being judged. Clarity reduces helplessness and turns shadowy evaluations into opportunities for growth and recalibration.,"Run a 'Decode the Black Box' trivia game where teams guess how absurd career scenarios might be judged by opaque AI. After the laughs, facilitators link the exaggerations back to real concerns about hidden evaluation criteria.","Humor helps surface unease about obscure AI decisions. By laughing at exaggerated scenarios, employees acknowledge opacity together while learning to name the real risks of hidden logic in career evaluations.",Introduce a 'Future Visibility Pledge' where employees draft one area where they feel in the dark about evaluation and one step they’d take if it were clarified. Monthly sharing builds accountability and promotes proactive career recalibration.,"This pledge reframes helplessness into agency. By naming unclear areas and committing to actions, employees transform opacity into reflection and accountability, regaining some control over career trajectories shadowed by AI."
The Replacing AI,People Prefer Human Interaction,Career Security & Job Redefinition Anxiety,"This category involves fear that AI will strip roles of human contact, making people irrelevant in their own field. It’s not only about automation, but about being cut off from the social and emotional aspects of work that give meaning and connection. People fear being submerged beneath AI layers, with less voice, visibility, or purpose. Even when jobs remain, the role’s essence feels eroded—pushing workers toward disengagement or despair.",Customers preferring human agents * Employees feeling their role is hollowed out * Increased sick days or attrition * Refusal to push self-service AI * Escalations to restore human touch,"Create a 'Human Connection Charter' that secures space for direct contact in roles affected by AI. Teams log tasks where social interaction is vital, and quarterly reviews ensure these are protected and visibly prioritized in workflows.","A charter restores agency by explicitly protecting spaces where human interaction matters. Reviews reassure employees their role essence is not being submerged, countering fears of rejection or social erosion in their work.","Run a 'Most Human Moment Awards' where staff share stories of times personal presence or empathy shaped outcomes better than AI. Colleagues vote and celebrate, spotlighting the irreplaceable human layers that keep roles meaningful.","Celebrating human-centered moments highlights what AI cannot replicate. By cheering examples together, employees reaffirm the value of empathy and connection, countering fears of destitution and disengagement in their work.","Launch a 'Voice Visibility Pledge' where employees commit to raising one instance per month where human input improved outcomes. Stories are logged and shared, ensuring accountability while keeping human presence visible and valued.","This pledge blends reflection with accountability. It ensures people voice their impact and reinforces collective responsibility to keep human meaning central, counteracting feelings of being submerged beneath AI-driven processes."
The Uncontrolled AI,AI is too Autonomous,Organizational Stability at Risk,"This category reflects fear that autonomous AI could destabilize core operations. People worry that these systems might act unpredictably or create large-scale disruptions. The discomfort isn’t about efficiency—it’s about control slipping away. There’s anxiety over who steers the system, what unintended changes might unfold, and whether oversight can keep up. This form of resistance is often voiced at leadership levels, where systemic risk and strategic misalignment are primary concerns.",Leadership demanding kill-switches * Change freezes until safeguards in place * Mandatory checkpoints in workflows * Contingency drills for AI failures * Centralized escalation protocols,Form a risk governance council that meets monthly to track AI-driven decisions against stability metrics. It ensures leaders can question shifts early and reinforce shared oversight to maintain organizational direction.,"A council creates a stable rhythm for oversight, countering fears of control slipping away. By making leaders examine AI impacts regularly, it reassures employees that strategic alignment and systemic safety remain a priority.","Run a “Worst-Case Scenario Theater” where teams role-play dramatic AI mishaps. Each skit imagines exaggerated outcomes, then pauses to discuss real mitigation steps, making disruption fears discussable without overwhelming seriousness.","Humor reduces anxiety while role-play surfaces genuine concerns. By exaggerating AI failures in a safe format, people process risk imaginatively, then connect the lessons back to oversight, building both relief and awareness.",Launch a “Stability Pulse” challenge where managers log one instance per month where AI decisions could have destabilized workflows. Sharing in leadership forums ensures accountab,"This challenge blends accountability with reflection, prompting leaders to engage with risks actively. By framing it as ongoing learning, it strengthens vigilance while showing teams that concerns about destabilization are openly addressed."
The Brittle AI,AI is too Inflexible,Organizational Stability at Risk,"This category signals concern that AI systems are too rigid to survive real-world variability. People fear over-dependence on tools that can’t adapt when things change. There’s worry that inflexibility will become a structural weakness—locking organizations into brittle processes or failing to accommodate exceptions, diversity, or evolving needs. Resistance here focuses on resilience, adaptability, and the capacity to respond to shocks or unexpected challenges.",Process outages due to rigid AI * Concerns about vendor lock-in * Chronic exception handling issues * Resilience drills for failures * Push to diversify or reintroduce manual backups,"Create a 'Resilience Review Board' that audits AI-reliant processes twice a year. The board stress-tests workflows for fragility, identifies lock-in risks, and recommends procedural flex points to protect adaptability under changing conditions.","A review board confronts rigidity directly by auditing fragility and lock-in risks. Regular stress-tests assure staff that adaptability is being safeguarded, reducing fear that organizational stability is endangered by brittle systems.",Host a 'Rigidity Olympics' where teams compete in lighthearted games that parody inflexible rules—like following absurd procedures to complete tasks. Debriefs then connect the humor to real lessons about adaptability in workflows.,"Playful competition highlights the absurdity of rigid rules. By laughing at exaggerated inflexibility, employees process concerns about brittleness while learning why flexibility is essential for resilience and organizational health.",Run a 'Flexibility Ledger' challenge where managers log one instance each month where adaptability improved outcomes. Sharing examples in leadership forums builds accountability and encourages systemic reflection on resilience practices.,"This challenge blends reflection with accountability. By documenting adaptability wins, leaders validate resilience as a priority, countering fears of uniformity and rigidity while modeling how to protect organizational stability."
The Dehumanizing AI,AI is Emotionless,Organizational Stability at Risk,"This category captures fears that widespread AI adoption could erode core human values in the workplace. People worry that efficiency will come at the cost of meaning, connection, or care. The discomfort isn’t limited to frontline roles—leaders may resist systems that remove the soul from operations, culture, or customer experience. It’s a philosophical pushback: not just what AI does, but what it turns organizations into.",Brand feedback calling AI 'cold' or 'uncaring' * Leaders emphasizing 'humanity' publicly * Refusal to automate customer care moments * KPIs added for warmth and empathy * Investment in human-to-human service layers,"Institute a 'Human Values Gate' for major AI rollouts: facilitated sessions examine meaning, connection, and care impacts before launch. Produce a one-page cultural impact note and assign a named owner to uphold commitments in operations.","A pre-launch gate slows drift toward mechanization and sterility. Translating concerns into a short, accountable note makes trade-offs visible and ensures leaders protect human tone, not just efficiency, across the system.",Hold a 'No-Algorithm Coffee Lottery' pairing strangers monthly for short chats about customer moments that needed warmth. Collect three-sentence stories; a light showcase celebrates connection and keeps human texture vivid across teams.,"Playful pairing rebuilds social glue threatened by automation. Sharing brief stories spotlights where care beats efficiency, reminding the organization that meaning travels through people and relationships, not just optimized flows and metrics.","Start a 'Care Shadowing Exchange' where leaders spend two hours monthly observing frontline interactions, then share one safeguard they will champion to preserve humanity. Peers follow up next month, turning reflection into sustained action.","Shadowing grounds philosophy in lived work. Naming a safeguard and reporting back blends encouragement and accountability, signaling that culture and dignity are strategic assets, not optional extras, even as AI scales across operations."
The Risky AI,AI is too Opaque,Organizational Stability at Risk,"This category involves concern about systemic vulnerabilities introduced by opaque AI. People fear hidden risks—legal, reputational, operational—that can arise when decision-making is unclear or untraceable. The discomfort escalates when leaders realize they can’t fully explain or defend how decisions are made, especially under pressure. Trust erodes across the system when clarity and accountability are missing.",Compliance and regulator questions * Crisis simulations for AI risks * Legal demands for explainability * Insurance reviews of AI models * Delays in launches pending clarity,"Establish a 'Decision Defense Hearing' for high-impact AI uses: owners narrate the decision trail, state assumptions, and name an accountable signer. A monthly docket samples cases under tough questioning; shared minutes expose risks and liabilities.","Hearings counter opacity by requiring clear narratives and accountable signatures. Regular sampling under pressure exposes hidden assumptions, making risks visible and defensible, stabilizing strategy when scrutiny by boards or regulators arrives.","Run 'Explain It or Spin It?' mock press briefings: teams field curveball questions about a past AI-shaped decision in plain language. The audience rings a bell for jargon, then a brief debrief captures phrases that made risk and accountability clear.","Playful press briefings reduce fear while building the muscle of explanation. Calling out jargon with a bell turns opacity into a learning moment and creates memorable wording leaders can use when defending decisions to customers, auditors, or media.","Launch a 'One Risk, One Remedy' ritual: each senior leader selects a recent AI-touched decision, writes a customer-ready paragraph explaining it, and commits one governance habit to add. Peers revisit next month to confirm the remedy was practiced.","This blend of reflection and accountability turns vague unease into steady improvement. Writing for a customer encourages clarity; naming a habit creates ownership; peer follow-ups ensure changes stick, strengthening trust when decisions are challenged."
The Undermining AI,People Prefer Human Interaction,Organizational Stability at Risk,"This category reflects fear that AI could erode the social fabric of organizations. People worry that relational trust, morale, and collaboration will degrade as human roles are sidelined. The discomfort becomes structural—undermining shared purpose or the culture that holds teams together. This resistance surfaces when people see AI not as a tool, but as a force that hollows out what made the organization feel human and cohesive.",Declining trust and more siloing * Attrition in relationship-heavy roles * Employee activism for human contact * Survey results about 'loss of soul' * Strategy shifts to hybrid human-AI approaches,"Form a “Culture and Cohesion Forum” where representatives from different teams meet monthly to assess how AI adoption affects trust, morale, and human connection, issuing recommendations for preserving relational practices.","This action anchors accountability in ongoing dialogue, ensuring AI’s impact on collaboration and cohesion is regularly reviewed. It reassures employees that trust and cultural integrity remain priorities, even as automation expands.","Launch “Connection Quests” where teams earn playful recognition by planning informal gatherings, coffee chats, or shared rituals that strengthen human bonds alongside AI use. Light competition ensures AI doesn’t overshadow relational practices.","By gamifying relational care, this action restores balance to workplaces where AI risks replacing spontaneous human connection. It highlights the fun and importance of everyday interactions, mitigating alienation or surrender to sterile systems.","Introduce a reflective practice where managers host quarterly “Human Value Sessions,” inviting staff to share moments when AI disrupted or strengthened trust. Lessons are documented and turned into nudges reinforcing human-centered collaboration.","This action blends accountability with encouragement, showing that emotional and cultural impacts of AI are as valid as efficiency metrics. It empowers employees to name risks, reframe practices, and safeguard the social glue that keeps teams resilient."
